CREATE DATABASE  IF NOT EXISTS `recetas` /*!40100 DEFAULT CHARACTER SET utf8 */;
USE `recetas`;
-- MySQL dump 10.13  Distrib 5.6.23, for Win64 (x86_64)
--
-- Host: localhost    Database: recetas
-- ------------------------------------------------------
-- Server version	5.7.7-rc-log

/*!40101 SET @OLD_CHARACTER_SET_CLIENT=@@CHARACTER_SET_CLIENT */;
/*!40101 SET @OLD_CHARACTER_SET_RESULTS=@@CHARACTER_SET_RESULTS */;
/*!40101 SET @OLD_COLLATION_CONNECTION=@@COLLATION_CONNECTION */;
/*!40101 SET NAMES utf8 */;
/*!40103 SET @OLD_TIME_ZONE=@@TIME_ZONE */;
/*!40103 SET TIME_ZONE='+00:00' */;
/*!40014 SET @OLD_UNIQUE_CHECKS=@@UNIQUE_CHECKS, UNIQUE_CHECKS=0 */;
/*!40014 SET @OLD_FOREIGN_KEY_CHECKS=@@FOREIGN_KEY_CHECKS, FOREIGN_KEY_CHECKS=0 */;
/*!40101 SET @OLD_SQL_MODE=@@SQL_MODE, SQL_MODE='NO_AUTO_VALUE_ON_ZERO' */;
/*!40111 SET @OLD_SQL_NOTES=@@SQL_NOTES, SQL_NOTES=0 */;

--
-- Table structure for table `recetas`
--

DROP TABLE IF EXISTS `recetas`;
/*!40101 SET @saved_cs_client     = @@character_set_client */;
/*!40101 SET character_set_client = utf8 */;
CREATE TABLE `recetas` (
  `idReceta` int(11) NOT NULL AUTO_INCREMENT,
  `nombre` varchar(45) DEFAULT NULL,
  `idTipoReceta` int(11) DEFAULT NULL,
  `descripcion` varchar(45) DEFAULT NULL,
  `idUsuario` int(11) DEFAULT NULL,
  PRIMARY KEY (`idReceta`),
  KEY `fk1_idx` (`idTipoReceta`),
  KEY `fk2_idx` (`idUsuario`),
  CONSTRAINT `fk1` FOREIGN KEY (`idTipoReceta`) REFERENCES `tiporecetas` (`idTipoReceta`) ON DELETE NO ACTION ON UPDATE NO ACTION,
  CONSTRAINT `fk2` FOREIGN KEY (`idUsuario`) REFERENCES `usuarios` (`idUsuario`) ON DELETE NO ACTION ON UPDATE NO ACTION
) ENGINE=InnoDB AUTO_INCREMENT=7 DEFAULT CHARSET=utf8;
/*!40101 SET character_set_client = @saved_cs_client */;

--
-- Dumping data for table `recetas`
--

LOCK TABLES `recetas` WRITE;
/*!40000 ALTER TABLE `recetas` DISABLE KEYS */;
INSERT INTO `recetas` VALUES (2,'tarta',2,'desc tarta',2),(3,'pizza',3,'descpizza',3),(4,'carne',3,'descarne',2),(6,'yogurt',1,'descyogurt',1);
/*!40000 ALTER TABLE `recetas` ENABLE KEYS */;
UNLOCK TABLES;

--
-- Table structure for table `tiporecetas`
--

DROP TABLE IF EXISTS `tiporecetas`;
/*!40101 SET @saved_cs_client     = @@character_set_client */;
/*!40101 SET character_set_client = utf8 */;
CREATE TABLE `tiporecetas` (
  `idTipoReceta` int(11) NOT NULL AUTO_INCREMENT,
  `tiporeceta` varchar(45) DEFAULT NULL,
  PRIMARY KEY (`idTipoReceta`)
) ENGINE=InnoDB AUTO_INCREMENT=6 DEFAULT CHARSET=utf8;
/*!40101 SET character_set_client = @saved_cs_client */;

--
-- Dumping data for table `tiporecetas`
--

LOCK TABLES `tiporecetas` WRITE;
/*!40000 ALTER TABLE `tiporecetas` DISABLE KEYS */;
INSERT INTO `tiporecetas` VALUES (1,'postre'),(2,'comida'),(3,'cena'),(4,'entrante'),(5,'normal');
/*!40000 ALTER TABLE `tiporecetas` ENABLE KEYS */;
UNLOCK TABLES;

--
-- Table structure for table `usuarios`
--

DROP TABLE IF EXISTS `usuarios`;
/*!40101 SET @saved_cs_client     = @@character_set_client */;
/*!40101 SET character_set_client = utf8 */;
CREATE TABLE `usuarios` (
  `idUsuario` int(11) NOT NULL AUTO_INCREMENT,
  `nombre` varchar(45) DEFAULT NULL,
  `apellidos` varchar(45) DEFAULT NULL,
  `login` varchar(45) DEFAULT NULL,
  `password` varchar(45) DEFAULT NULL,
  `email` varchar(45) DEFAULT NULL,
  `tipo_acceso` int(11) DEFAULT NULL,
  `activacion` int(11) DEFAULT NULL,
  PRIMARY KEY (`idUsuario`)
) ENGINE=InnoDB AUTO_INCREMENT=5 DEFAULT CHARSET=utf8;
/*!40101 SET character_set_client = @saved_cs_client */;

--
-- Dumping data for table `usuarios`
--

LOCK TABLES `usuarios` WRITE;
/*!40000 ALTER TABLE `usuarios` DISABLE KEYS */;
INSERT INTO `usuarios` VALUES (1,'yo','yoyo','yo','yoyo','yo@yo.es',1,1),(2,'tu','tutu','tu','tutu','tu@tu.es',2,1),(3,'el','elelel','e','e','e@e.es',2,0),(4,'fdsfsdfs','fsd','fsdfsdfsd','fsdfsdf','fdsfsdfsd',1,1);
/*!40000 ALTER TABLE `usuarios` ENABLE KEYS */;
UNLOCK TABLES;

--
-- Dumping events for database 'recetas'
--

--
-- Dumping routines for database 'recetas'
--
/*!50003 DROP PROCEDURE IF EXISTS `mostrar_usuarios_acceso` */;
/*!50003 SET @saved_cs_client      = @@character_set_client */ ;
/*!50003 SET @saved_cs_results     = @@character_set_results */ ;
/*!50003 SET @saved_col_connection = @@collation_connection */ ;
/*!50003 SET character_set_client  = utf8 */ ;
/*!50003 SET character_set_results = utf8 */ ;
/*!50003 SET collation_connection  = utf8_general_ci */ ;
/*!50003 SET @saved_sql_mode       = @@sql_mode */ ;
/*!50003 SET sql_mode              = 'STRICT_TRANS_TABLES,NO_AUTO_CREATE_USER,NO_ENGINE_SUBSTITUTION' */ ;
DELIMITER ;;
CREATE DEFINER=`root`@`localhost` PROCEDURE `mostrar_usuarios_acceso`(IN TIPO INT)
BEGIN
	SELECT * FROM USUARIOS WHERE tipo_acceso = TIPO;
END ;;
DELIMITER ;
/*!50003 SET sql_mode              = @saved_sql_mode */ ;
/*!50003 SET character_set_client  = @saved_cs_client */ ;
/*!50003 SET character_set_results = @saved_cs_results */ ;
/*!50003 SET collation_connection  = @saved_col_connection */ ;
/*!40103 SET TIME_ZONE=@OLD_TIME_ZONE */;

/*!40101 SET SQL_MODE=@OLD_SQL_MODE */;
/*!40014 SET FOREIGN_KEY_CHECKS=@OLD_FOREIGN_KEY_CHECKS */;
/*!40014 SET UNIQUE_CHECKS=@OLD_UNIQUE_CHECKS */;
/*!40101 SET CHARACTER_SET_CLIENT=@OLD_CHARACTER_SET_CLIENT */;
/*!40101 SET CHARACTER_SET_RESULTS=@OLD_CHARACTER_SET_RESULTS */;
/*!40101 SET COLLATION_CONNECTION=@OLD_COLLATION_CONNECTION */;
/*!40111 SET SQL_NOTES=@OLD_SQL_NOTES */;

-- Dump completed on 2016-10-06  8:27:06